FinancialDepartment,OrgR
9AANS01,AANS
9AANS02,AANS
9AANS03,AANS
9AARE01,AARE
9AARE02,AARE
9AARE03,AARE
9AARE04,AARE
9ABAE01,ABAE
9ABAE02,ABAE
9ABAE03,ABAE
9ACBS01,ADNO
9ACL101,ACL1
9ACL201,ACL2
9ACL301,ACL3
9ACL401,ACL4
9ACL501,ACL5
9ADES01,ADES
9ADES02,ADES
9ADES03,ADES
9ADNO01,ADNO
9ADNO03,ADNO
9ADNO99,ADNO
9AENM01,AENM
9AENM02,AENM
9AENM03,AENM
9AETX01,AETX
9AETX02,AETX
9AETX03,AETX
9AEVE01,BEVE
9AEVE02,BEVE
9AFST01,AFST
9AFST02,AFST
9AFST03,AFST
9AHCE01,AHCE
9AHCE02,AHCE
9AHCE03,AHCE
9ALAW01,ALAW
9ALAW02,ALAW
9ALAW03,ALAW
9AMCB01,BMCB
9AMCB02,BMCB
9AMMG01,BMMG
9AMMG02,BMMG
9ANPB01,BNPB
9ANPB02,BNPB
9ANUT01,ANUT
9ANUT02,ANUT
9ANUT03,ANUT
9APLB01,BPLB
9APLB02,BPLB
9APLS01,APLS
9APLS02,APLS
9APLS03,APLS
9APLS09,APLS
9APLS10,APLS
9APLS11,APLS
9APLS12,APLS
9APPA01,APPA
9APPA02,APPA
9APPA03,APPA
9AVIT01,AVIT
9AVIT02,AVIT
9AVIT03,AVIT
9AWFC01,AWFC
9AWFC02,AWFC
9AWFC03,AWFC
AANS001,AANS
AANS002,AANS
AANS003,AANS
AANS004,AANS
AANS005,AANS
AANS006,AANS
AARE001,AARE
AARE002,AARE
AARE003,AARE
AARE004,AARE
AARE005,AARE
AARE006,AARE
AARE007,AARE
ABAE001,ABAE
ABAE002,ABAE
ABAE003,ABAE
ABAE004,ABAE
ACBS001,ADNO
ACBS002,ADNO
ACBS099,ADNO
ACL1001,ACL1
ACL2001,ACL2
ACL3001,ACL3
ACL4001,ACL4
ACL5001,ACL5
ADES001,ADES
ADES002,ADES
ADES003,ADES
ADES004,ADES
ADES005,ADES
ADNO001,ADNO
ADNO002,ADNO
ADNO003,ADNO
ADNO004,ADNO
ADNO005,ADNO
ADNO006,ADNO
ADNO007,ADNO
ADNO008,ADNO
ADNO030,ADNO
ADNO031,ADNO
ADNO032,ADNO
ADNO033,ADNO
ADNO034,ADNO
ADNO035,ADNO
ADNO050,ADNO
ADNO051,ADNO
ADNO052,ADNO
ADNO053,ADNO
ADNO054,ADNO
ADNO055,ADNO
ADNO056,ADNO
ADNO057,ADNO
ADNO058,ADNO
ADNO059,ADNO
ADNO060,ADNO
ADNO061,ADNO
ADNO099,ADNO
AENM001,AENM
AENM002,AENM
AENM003,AENM
AENM004,AENM
AENM005,AENM
AENM006,AENM
AENM007,AENM
AETX001,AETX
AETX002,AETX
AETX003,AETX
AETX004,AETX
AETX005,AETX
AETX006,AETX
AEVE001,BEVE
AEVE002,BEVE
AEVE003,BEVE
AFST001,AFST
AFST002,AFST
AFST003,AFST
AFST004,AFST
AFST005,AFST
AHCE001,AHCE
AHCE002,AHCE
AHCE003,AHCE
AHCE004,AHCE
AHCE005,AHCE
AHCE006,AHCE
AHCE007,AHCE
AHCE008,AHCE
ALAW001,ALAW
ALAW002,ALAW
ALAW003,ALAW
ALAW004,ALAW
ALAW005,ALAW
ALAW006,ALAW
ALAW007,ALAW
ALAW008,ALAW
ALAW009,ALAW
AMCB001,BMCB
AMCB002,BMCB
AMCB003,BMCB
AMMG001,BMMG
AMMG002,BMMG
AMMG003,BMMG
ANPB001,BNPB
ANPB002,BNPB
ANPB003,BNPB
ANUT001,ANUT
ANUT002,ANUT
ANUT003,ANUT
ANUT004,ANUT
ANUT005,ANUT
ANUT006,ANUT
APLB001,BPLB
APLB002,BPLB
APLB003,BPLB
APLS001,APLS
APLS002,APLS
APLS003,APLS
APLS004,APLS
APLS005,APLS
APLS006,APLS
APLS007,APLS
APLS008,APLS
APLS009,APLS
APLS010,APLS
APLS011,APLS
APLS012,APLS
APLS013,APLS
APLS014,APLS
APLS015,APLS
APLS016,APLS
APLS017,APLS
APLS018,APLS
APLS019,APLS
APLS020,APLS
APLS021,APLS
APLS022,APLS
APPA001,APPA
APPA002,APPA
APPA003,APPA
APPA005,APPA
APPA006,APPA
AVIT001,AVIT
AVIT002,AVIT
AVIT003,AVIT
AVIT004,AVIT
AVIT005,AVIT
AVIT006,AVIT
AVIT007,AVIT
AWFC001,AWFC
AWFC002,AWFC
AWFC003,AWFC
BCBS001,ADNO
BCBS002,ADNO
BCBS003,ADNO
BCBS004,ADNO
BCBS005,ADNO
BCBS006,ADNO
BCBS007,ADNO
BCBS008,ADNO
BCBS009,ADNO
BCNS001,ADNO
BCNS003,ADNO
BCPB001,ADNO
BEVE001,BEVE
BEVE002,BEVE
BEVE003,BEVE
BEVE004,BEVE
BGEN001,ADNO
BGEN002,ADNO
BGEN003,ADNO
BGEN004,ADNO
BGEN005,ADNO
BGEN006,ADNO
BGEN007,ADNO
BGEN008,ADNO
BGEN009,ADNO
BGEN010,ADNO
BMCB001,BMCB
BMCB002,BMCB
BMCB003,BMCB
BMCB004,BMCB
BMCB005,BMCB
BMMG001,BMMG
BMMG002,BMMG
BMMG003,BMMG
BNPB001,BNPB
BNPB002,BNPB
BNPB003,BNPB
BPLB001,BPLB
BPLB002,BPLB
BPLB003,BPLB
BPLB004,BPLB
BPLB005,BPLB
BSDF001,ADNO
BSDF004,ADNO
BSDF005,ADNO
BSDF006,ADNO
BSDF007,ADNO
BSDF008,ADNO
BSDF009,ADNO
BSDF010,ADNO
BSDF011,ADNO
BSDF012,ADNO
BSDF013,ADNO
BSDF014,ADNO
