Code,Description,ParentLevel0Code,ParentLevel0Name,ParentLevel1Code,ParentLevel1Name,ParentLevel2Code,ParentLevel2Name,ParentLevel3Code,ParentLevel3Name,ParentLevel4Code,ParentLevel4Name,ParentLevel5Code,ParentLevel5Name,LoadedAt
400900,Self Supporting Degree Program Fees,4XXXXX,All Revenue,40000A,Student Tuition and Fees Net,40000B,Tuition gross,40090C,Self Supporting Degree Fee,40090D,Self Supporting Degree Fee Revenue,400900,Self Supporting Degree Program Fees,2026-07-01 13:38:24.871
402600,Course Material and Service Fees Undergraduate,4XXXXX,All Revenue,40000A,Student Tuition and Fees Net,40200B,Fees Gross,40260C,Course materials and service fees CMSF,40260D,Course materials and service fees,402600,Course Material and Service Fees Undergraduate,2026-07-01 13:38:24.871
405200,Federal Contracts Revenue,4XXXXX,All Revenue,40500A,Contracts and Grants Noncapital,40500B,Federal Contracts and Grants excl Financial Aid,40520C,Federal Contracts,40520D,Federal Contract Revenues,405200,Federal Contracts Revenue,2026-07-01 13:38:24.871
405400,Federal Grants Revenue,4XXXXX,All Revenue,40500A,Contracts and Grants Noncapital,40500B,Federal Contracts and Grants excl Financial Aid,40540C,Federal Grants,40540D,Federal Grants Revenues,405400,Federal Grants Revenue,2026-07-01 13:38:24.871
406000,Special State Appropriations Revenue,4XXXXX,All Revenue,40500A,Contracts and Grants Noncapital,40600B,State Contracts and Grants Revenue,40600C,Special State Appropriations,40600D,Special State Appropriations Revenues,406000,Special State Appropriations Revenue,2026-07-01 13:38:24.871
406300,State Grants Revenue,4XXXXX,All Revenue,40500A,Contracts and Grants Noncapital,40600B,State Contracts and Grants Revenue,40630C,State Grants,40630D,State Grants Revenues,406300,State Grants Revenue,2026-07-01 13:38:24.871
408000,Private Contracts Revenue,4XXXXX,All Revenue,40500A,Contracts and Grants Noncapital,40800B,Private Contracts and Grants Revenue,40800C,Private Contracts,40800D,Private Contracts Revenues,408000,Private Contracts Revenue,2026-07-01 13:38:24.871
408200,Private Grants Revenue,4XXXXX,All Revenue,40500A,Contracts and Grants Noncapital,40800B,Private Contracts and Grants Revenue,40820C,Private Grants,40820D,Private Grants Revenues,408200,Private Grants Revenue,2026-07-01 13:38:24.871
410000,External Sales and Services Revenues,4XXXXX,All Revenue,41000A,Sales and Services Educational,41000B,Sales and Services of Educational Activities Net,41000C,Sales and Services of Educational Activities Revenues,41000D,Sales and Services of Educational Activities Revenue,410000,External Sales and Services Revenues,2026-07-01 13:38:24.871
410004,Conferences Workshop Symposium and Seminars Revenue,4XXXXX,All Revenue,41000A,Sales and Services Educational,41000B,Sales and Services of Educational Activities Net,41000C,Sales and Services of Educational Activities Revenues,41000D,Sales and Services of Educational Activities Revenue,410004,Conferences Workshop Symposium and Seminars Revenue,2026-07-01 13:38:24.871
440001,Agency Fund Revenue,4XXXXX,All Revenue,44000A,Other Operating Revenue Net,44000B,Other Operating Revenues Net,44000C,Other Operating Revenue,44000D,Other Operating Revenues,440001,Agency Fund Revenue,2026-07-01 13:38:24.871
440009,Other Miscellaneous Income,4XXXXX,All Revenue,44000A,Other Operating Revenue Net,44000B,Other Operating Revenues Net,44000C,Other Operating Revenue,44000D,Other Operating Revenues,440009,Other Miscellaneous Income,2026-07-01 13:38:24.871
469000,UCDF Gift Revenue Cash,4XXXXX,All Revenue,46900A,Foundation Operating Revenue Foundation Use Only,46900B,Foundation Operating Revenue UCD Foundation Only,46900C,Foundation Operating Revenues UCD Foundation Only,46900D,UCD Foundation Operating Revenues,469000,UCDF Gift Revenue Cash,2026-07-01 13:38:24.871
480000,Current Use Gift Revenue,4XXXXX,All Revenue,48000A,Private Gifts NonCapital,48000B,Private Gifts,48000C,Private Gift Revenue NonCapital,48000D,Private Gift Revenues,480000,Current Use Gift Revenue,2026-07-01 13:38:24.871
480007,Gift Fees,4XXXXX,All Revenue,48000A,Private Gifts NonCapital,48000B,Private Gifts,48000C,Private Gift Revenue NonCapital,48000D,Private Gift Revenues,480007,Gift Fees,2026-07-01 13:38:24.871
480021,Foundation Endowment and FFE Income,4XXXXX,All Revenue,48000A,Private Gifts NonCapital,48000B,Private Gifts,48000C,Private Gift Revenue NonCapital,48000D,Private Gift Revenues,480021,Foundation Endowment and FFE Income,2026-07-01 13:38:24.871
480022,Regents Endowment and FFE Income,4XXXXX,All Revenue,48000A,Private Gifts NonCapital,48000B,Private Gifts,48000C,Private Gift Revenue NonCapital,48000D,Private Gift Revenues,480022,Regents Endowment and FFE Income,2026-07-01 13:38:24.871
480025,Endowment Infrastructure fee,4XXXXX,All Revenue,48000A,Private Gifts NonCapital,48000B,Private Gifts,48000C,Private Gift Revenue NonCapital,48000D,Private Gift Revenues,480025,Endowment Infrastructure fee,2026-07-01 13:38:24.871
500000,Faculty Salaries Ladder Rank and Equivalent,5XXXXX,All Expenses,50000A,Salaries and Wages,50000B,Academic Salaries and Wages,50000C,Academic Salaries and Wages Expense,50000D,Academic Salaries and Wages Expenses,500000,Faculty Salaries Ladder Rank and Equivalent,2026-07-01 13:38:24.871
500001,Faculty Salaries Lecturers Continuing,5XXXXX,All Expenses,50000A,Salaries and Wages,50000B,Academic Salaries and Wages,50000C,Academic Salaries and Wages Expense,50000D,Academic Salaries and Wages Expenses,500001,Faculty Salaries Lecturers Continuing,2026-07-01 13:38:24.871
500002,Faculty Salaries Lecturers Temporary,5XXXXX,All Expenses,50000A,Salaries and Wages,50000B,Academic Salaries and Wages,50000C,Academic Salaries and Wages Expense,50000D,Academic Salaries and Wages Expenses,500002,Faculty Salaries Lecturers Temporary,2026-07-01 13:38:24.871
500003,Faculty Salaries Clinical InResident Adjunct,5XXXXX,All Expenses,50000A,Salaries and Wages,50000B,Academic Salaries and Wages,50000C,Academic Salaries and Wages Expense,50000D,Academic Salaries and Wages Expenses,500003,Faculty Salaries Clinical InResident Adjunct,2026-07-01 13:38:24.871
500010,Teaching Assistant Salaries and Wages,5XXXXX,All Expenses,50000A,Salaries and Wages,50000B,Academic Salaries and Wages,50000C,Academic Salaries and Wages Expense,50000D,Academic Salaries and Wages Expenses,500010,Teaching Assistant Salaries and Wages,2026-07-01 13:38:24.871
500011,Associate Instructors Salaries and Wages,5XXXXX,All Expenses,50000A,Salaries and Wages,50000B,Academic Salaries and Wages,50000C,Academic Salaries and Wages Expense,50000D,Academic Salaries and Wages Expenses,500011,Associate Instructors Salaries and Wages,2026-07-01 13:38:24.871
500035,Academic Coordinators and Admin Salaries and Wages,5XXXXX,All Expenses,50000A,Salaries and Wages,50000B,Academic Salaries and Wages,50000C,Academic Salaries and Wages Expense,50000D,Academic Salaries and Wages Expenses,500035,Academic Coordinators and Admin Salaries and Wages,2026-07-01 13:38:24.871
500090,Agronomists and Other NonFaculty Scientists Ladder Rank,5XXXXX,All Expenses,50000A,Salaries and Wages,50000B,Academic Salaries and Wages,50000C,Academic Salaries and Wages Expense,50000D,Academic Salaries and Wages Expenses,500090,Agronomists and Other NonFaculty Scientists Ladder Rank,2026-07-01 13:38:24.871
500092,Graduate Student Researchers Salaries and Wages,5XXXXX,All Expenses,50000A,Salaries and Wages,50000B,Academic Salaries and Wages,50000C,Academic Salaries and Wages Expense,50000D,Academic Salaries and Wages Expenses,500092,Graduate Student Researchers Salaries and Wages,2026-07-01 13:38:24.871
500093,PostDoctorates and Assistant Researchers,5XXXXX,All Expenses,50000A,Salaries and Wages,50000B,Academic Salaries and Wages,50000C,Academic Salaries and Wages Expense,50000D,Academic Salaries and Wages Expenses,500093,PostDoctorates and Assistant Researchers,2026-07-01 13:38:24.871
500094,Readers,5XXXXX,All Expenses,50000A,Salaries and Wages,50000B,Academic Salaries and Wages,50000C,Academic Salaries and Wages Expense,50000D,Academic Salaries and Wages Expenses,500094,Readers,2026-07-01 13:38:24.871
500098,Other Academic Salaries and Wages Expense,5XXXXX,All Expenses,50000A,Salaries and Wages,50000B,Academic Salaries and Wages,50000C,Academic Salaries and Wages Expense,50000D,Academic Salaries and Wages Expenses,500098,Other Academic Salaries and Wages Expense,2026-07-01 13:38:24.871
501000,Staff Salaries and Wages,5XXXXX,All Expenses,50000A,Salaries and Wages,50100B,NonAcademic Salaries and Wages,50100C,NonAcademic Salaries and Wages Expense,50100D,Staff Salaries and Wages Expenses,501000,Staff Salaries and Wages,2026-07-01 13:38:24.871
501001,Contract Limited Floater and Per Diem Salaries and Wages,5XXXXX,All Expenses,50000A,Salaries and Wages,50100B,NonAcademic Salaries and Wages,50100C,NonAcademic Salaries and Wages Expense,50100D,Staff Salaries and Wages Expenses,501001,Contract Limited Floater and Per Diem Salaries and Wages,2026-07-01 13:38:24.871
501002,Student Employee Salaries and Wages,5XXXXX,All Expenses,50000A,Salaries and Wages,50100B,NonAcademic Salaries and Wages,50100C,NonAcademic Salaries and Wages Expense,50100D,Staff Salaries and Wages Expenses,501002,Student Employee Salaries and Wages,2026-07-01 13:38:24.871
501090,Salary and Wages Default,5XXXXX,All Expenses,50000A,Salaries and Wages,50100B,NonAcademic Salaries and Wages,50100C,NonAcademic Salaries and Wages Expense,50100D,Staff Salaries and Wages Expenses,501090,Salary and Wages Default,2026-07-01 13:38:24.871
501093,Staff Recognition and Development,5XXXXX,All Expenses,50000A,Salaries and Wages,50100B,NonAcademic Salaries and Wages,50100C,NonAcademic Salaries and Wages Expense,50100D,Staff Salaries and Wages Expenses,501093,Staff Recognition and Development,2026-07-01 13:38:24.871
505001,CBR Addon Prop 2,5XXXXX,All Expenses,50700A,Other Employee Benefits,50810B,Local Campus Specific Benefit Programs,50810C,Campus Specific Local Benefit Programs,50810D,Local Campus Specific Benefit programs D,505001,CBR Addon Prop 2,2026-07-01 13:38:24.871
505500,UCRP Supplemental Assessment Benefits Expense Interest,5XXXXX,All Expenses,50500A,Pension Benefits,50500B,UCRP,50550C,UCRP Supplemental Assessment Interest Exp,50550D,UCRP Supplemental Assessment Interest,505500,UCRP Supplemental Assessment Benefits Expense Interest,2026-07-01 13:38:24.871
507000,Graduate Student Health Remission,5XXXXX,All Expenses,50700A,Other Employee Benefits,50700B,Health and Welfare Benefits,50700C,Group Health Insurance,50700D,Group Health Insurance Plans,507000,Graduate Student Health Remission,2026-07-01 13:38:24.871
508000,Composite Benefit Rate Campus Payment CBR Expense,5XXXXX,All Expenses,50700A,Other Employee Benefits,50800B,Composite Benefit Rate Campus Payment,50800C,Composite Benefit Rate Campus Payments,50800D,Composite Benefit Rate Campus Payment Expense,508000,Composite Benefit Rate Campus Payment CBR Expense,2026-07-01 13:38:24.871
508100,Relocation Benefits Expense,5XXXXX,All Expenses,50700A,Other Employee Benefits,50810B,Local Campus Specific Benefit Programs,50810C,Campus Specific Local Benefit Programs,50810D,Local Campus Specific Benefit programs D,508100,Relocation Benefits Expense,2026-07-01 13:38:24.871
508120,Graduate Student Fee Remission,5XXXXX,All Expenses,50700A,Other Employee Benefits,50810B,Local Campus Specific Benefit Programs,50810C,Campus Specific Local Benefit Programs,50810D,Local Campus Specific Benefit programs D,508120,Graduate Student Fee Remission,2026-07-01 13:38:24.871
508130,Nonresident Fee Remission,5XXXXX,All Expenses,50700A,Other Employee Benefits,50810B,Local Campus Specific Benefit Programs,50810C,Campus Specific Local Benefit Programs,50810D,Local Campus Specific Benefit programs D,508130,Nonresident Fee Remission,2026-07-01 13:38:24.871
508132,2nd3r Year NRST Remission,5XXXXX,All Expenses,50700A,Other Employee Benefits,50810B,Local Campus Specific Benefit Programs,50810C,Campus Specific Local Benefit Programs,50810D,Local Campus Specific Benefit programs D,508132,2nd3r Year NRST Remission,2026-07-01 13:38:24.871
508139,Graduate Student Campus Rebate,5XXXXX,All Expenses,50700A,Other Employee Benefits,50810B,Local Campus Specific Benefit Programs,50810C,Campus Specific Local Benefit Programs,50810D,Local Campus Specific Benefit programs D,508139,Graduate Student Campus Rebate,2026-07-01 13:38:24.871
508199,Other Local and Campus Specific Benefit Programs,5XXXXX,All Expenses,50700A,Other Employee Benefits,50810B,Local Campus Specific Benefit Programs,50810C,Campus Specific Local Benefit Programs,50810D,Local Campus Specific Benefit programs D,508199,Other Local and Campus Specific Benefit Programs,2026-07-01 13:38:24.871
508300,Vacation Accrued Expenses,5XXXXX,All Expenses,50700A,Other Employee Benefits,50820B,Benefits Accrual,50830C,Vacation Accrual Expense,50830D,Vacation Accruals,508300,Vacation Accrued Expenses,2026-07-01 13:38:24.871
508301,Vacation and Leave Usage Salaries and Wages,5XXXXX,All Expenses,50700A,Other Employee Benefits,50820B,Benefits Accrual,50830C,Vacation Accrual Expense,50830D,Vacation Accruals,508301,Vacation and Leave Usage Salaries and Wages,2026-07-01 13:38:24.871
510007,Undergrad Scholarship and Fellowship Expense,5XXXXX,All Expenses,51000A,Financial Aid and Scholarships,51000B,Undergraduate Aid and Scholarships Expense,51000C,Undergraduate Financial Aid and Scholarships Expense,51000D,Undergraduate Financial Aid and Scholarship Expense - Gross,510007,Undergrad Scholarship and Fellowship Expense,2026-07-01 13:38:24.871
511000,Graduate Fellowship Tuition and Fees,5XXXXX,All Expenses,51000A,Financial Aid and Scholarships,51100B,Graduate and Professional Aid and Fellowship,51100C,Graduate Financial Aid and Fellowship Expenses,51100D,Graduate Academic and Professional Aid and Fellowship Expense Gross,511000,Graduate Fellowship Tuition and Fees,2026-07-01 13:38:24.871
511001,Graduate Fellowship Nonresident,5XXXXX,All Expenses,51000A,Financial Aid and Scholarships,51100B,Graduate and Professional Aid and Fellowship,51100C,Graduate Financial Aid and Fellowship Expenses,51100D,Graduate Academic and Professional Aid and Fellowship Expense Gross,511001,Graduate Fellowship Nonresident,2026-07-01 13:38:24.871
511002,Graduate Fellowship Stipend,5XXXXX,All Expenses,51000A,Financial Aid and Scholarships,51100B,Graduate and Professional Aid and Fellowship,51100C,Graduate Financial Aid and Fellowship Expenses,51100D,Graduate Academic and Professional Aid and Fellowship Expense Gross,511002,Graduate Fellowship Stipend,2026-07-01 13:38:24.871
520350,Pharmaceuticals Drugs Expense,5XXXXX,All Expenses,52000A,Supplies and Services,52000B,Health Supplies and Pharmaceuticals,52035C,Pharmaceuticals,52035D,Pharmaceutical Drugs,520350,Pharmaceuticals Drugs Expense,2026-07-01 13:38:24.871
520506,Bandages and Supports,5XXXXX,All Expenses,52000A,Supplies and Services,52000B,Health Supplies and Pharmaceuticals,52050C,Other Medical Care Materials and Supplies,52050D,Other Medical Care Materials and Supplies Expense,520506,Bandages and Supports,2026-07-01 13:38:24.871
520529,Other Medical Supplies,5XXXXX,All Expenses,52000A,Supplies and Services,52000B,Health Supplies and Pharmaceuticals,52050C,Other Medical Care Materials and Supplies,52050D,Other Medical Care Materials and Supplies Expense,520529,Other Medical Supplies,2026-07-01 13:38:24.871
520600,Instruments and Minor Medical Equipment Expenses,5XXXXX,All Expenses,52000A,Supplies and Services,52000B,Health Supplies and Pharmaceuticals,52060C,Instruments and Minor Medical Equipment,52060D,Instruments and Minor Medical Equipment Expense,520600,Instruments and Minor Medical Equipment Expenses,2026-07-01 13:38:24.871
522000,Food Beverage,5XXXXX,All Expenses,52000A,Supplies and Services,52200B,Supplies Non Health,52200C,Food and Beverage Supplies,52200D,Food and Beverage Dining Services Supplies,522000,Food Beverage,2026-07-01 13:38:24.871
522001,Food Equipment and Supplies,5XXXXX,All Expenses,52000A,Supplies and Services,52200B,Supplies Non Health,52200C,Food and Beverage Supplies,52200D,Food and Beverage Dining Services Supplies,522001,Food Equipment and Supplies,2026-07-01 13:38:24.871
522200,Postage and Mail Supplies,5XXXXX,All Expenses,52000A,Supplies and Services,52200B,Supplies Non Health,52220C,Office and Administrative Supplies,52220D,Office and Administrative Supplies Expense,522200,Postage and Mail Supplies,2026-07-01 13:38:24.871
522201,General Office Supplies,5XXXXX,All Expenses,52000A,Supplies and Services,52200B,Supplies Non Health,52220C,Office and Administrative Supplies,52220D,Office and Administrative Supplies Expense,522201,General Office Supplies,2026-07-01 13:38:24.871
522300,Furniture PPM Expense,5XXXXX,All Expenses,52000A,Supplies and Services,52200B,Supplies Non Health,52230C,Physical Plant Manufacturing and Furnishing Materials C,52230D,Physical Plant Manufacturing and Furnishing Materials D,522300,Furniture PPM Expense,2026-07-01 13:38:24.871
522400,Lab Supplies and Accessories,5XXXXX,All Expenses,52000A,Supplies and Services,52200B,Supplies Non Health,52240C,Laboratory Supplies,52240D,Laboratory Supplies and Equipment Noncapital,522400,Lab Supplies and Accessories,2026-07-01 13:38:24.871
522401,Lab Chemicals and Gases,5XXXXX,All Expenses,52000A,Supplies and Services,52200B,Supplies Non Health,52240C,Laboratory Supplies,52240D,Laboratory Supplies and Equipment Noncapital,522401,Lab Chemicals and Gases,2026-07-01 13:38:24.871
522402,Lab Animal Purchases,5XXXXX,All Expenses,52000A,Supplies and Services,52200B,Supplies Non Health,52240C,Laboratory Supplies,52240D,Laboratory Supplies and Equipment Noncapital,522402,Lab Animal Purchases,2026-07-01 13:38:24.871
522404,Lab Animal Bedding,5XXXXX,All Expenses,52000A,Supplies and Services,52200B,Supplies Non Health,52240C,Laboratory Supplies,52240D,Laboratory Supplies and Equipment Noncapital,522404,Lab Animal Bedding,2026-07-01 13:38:24.871
522406,Lab Animal Feed,5XXXXX,All Expenses,52000A,Supplies and Services,52200B,Supplies Non Health,52240C,Laboratory Supplies,52240D,Laboratory Supplies and Equipment Noncapital,522406,Lab Animal Feed,2026-07-01 13:38:24.871
522407,Live Plant Accessories and Supplies,5XXXXX,All Expenses,52000A,Supplies and Services,52200B,Supplies Non Health,52240C,Laboratory Supplies,52240D,Laboratory Supplies and Equipment Noncapital,522407,Live Plant Accessories and Supplies,2026-07-01 13:38:24.871
522511,Books and Publications,5XXXXX,All Expenses,52000A,Supplies and Services,52200B,Supplies Non Health,52250C,Printed Items and Other Classroom Teaching Aides,52250D,Printed Items Course Materials and Other Classroom Teaching Aides,522511,Books and Publications,2026-07-01 13:38:24.871
522513,Library Materials,5XXXXX,All Expenses,52000A,Supplies and Services,52200B,Supplies Non Health,52250C,Printed Items and Other Classroom Teaching Aides,52250D,Printed Items Course Materials and Other Classroom Teaching Aides,522513,Library Materials,2026-07-01 13:38:24.871
522515,Classroom Materials,5XXXXX,All Expenses,52000A,Supplies and Services,52200B,Supplies Non Health,52250C,Printed Items and Other Classroom Teaching Aides,52250D,Printed Items Course Materials and Other Classroom Teaching Aides,522515,Classroom Materials,2026-07-01 13:38:24.871
522600,Subscriptions and Memberships Fed Allowable,5XXXXX,All Expenses,52000A,Supplies and Services,52200B,Supplies Non Health,52260C,Subscriptions and Memberships Federally Chargeable,52260D,Subscriptions and Memberships Federally Chargeable Expense,522600,Subscriptions and Memberships Fed Allowable,2026-07-01 13:38:24.871
522800,Employee Wearing Apparel,5XXXXX,All Expenses,52000A,Supplies and Services,52200B,Supplies Non Health,52280C,Employee Wearing Apparel Exp,52280D,Employee Wearing Apparel Expense,522800,Employee Wearing Apparel,2026-07-01 13:38:24.871
523100,Medical Center Nonmedical Equipment,5XXXXX,All Expenses,52000A,Supplies and Services,52200B,Supplies Non Health,52310C,Other Minor Equipment,52310D,Other Minor Equipment Expense,523100,Medical Center Nonmedical Equipment,2026-07-01 13:38:24.871
523210,BUILDING and GROUNDS MAINTENANCE,5XXXXX,All Expenses,52000A,Supplies and Services,52200B,Supplies Non Health,52320C,MC Other Supplies,52320D,Other Non Medical Supplies Expense,523210,BUILDING and GROUNDS MAINTENANCE,2026-07-01 13:38:24.871
523221,Other Non Medical Supplies,5XXXXX,All Expenses,52000A,Supplies and Services,52200B,Supplies Non Health,52320C,MC Other Supplies,52320D,Other Non Medical Supplies Expense,523221,Other Non Medical Supplies,2026-07-01 13:38:24.871
523222,Law Enforcement Supplies and Explosives,5XXXXX,All Expenses,52000A,Supplies and Services,52200B,Supplies Non Health,52320C,MC Other Supplies,52320D,Other Non Medical Supplies Expense,523222,Law Enforcement Supplies and Explosives,2026-07-01 13:38:24.871
523223,Reimbursement of Supplies and Materials,5XXXXX,All Expenses,52000A,Supplies and Services,52200B,Supplies Non Health,52320C,MC Other Supplies,52320D,Other Non Medical Supplies Expense,523223,Reimbursement of Supplies and Materials,2026-07-01 13:38:24.871
525900,Capital Expense Equipment,5XXXXX,All Expenses,52000A,Supplies and Services,52500B,Purchases to be Capitalized,52590C,Capital Expense Equipment C,52590D,Capital Expenditure Equipment,525900,Capital Expense Equipment,2026-07-01 13:38:24.871
530101,Consulting Services Expense,5XXXXX,All Expenses,53000A,Other Operating Expense,53000B,Business Legal and Insurance Services,53010C,Consultants and Other Temporarily Contracted Staff,53010D,Consultants and Other Temporarily Contract Staff,530101,Consulting Services Expense,2026-07-01 13:38:24.871
530102,Outside Purchased Services,5XXXXX,All Expenses,53000A,Other Operating Expense,53000B,Business Legal and Insurance Services,53010C,Consultants and Other Temporarily Contracted Staff,53010D,Consultants and Other Temporarily Contract Staff,530102,Outside Purchased Services,2026-07-01 13:38:24.871
530103,Research Subject Payments,5XXXXX,All Expenses,53000A,Other Operating Expense,53000B,Business Legal and Insurance Services,53010C,Consultants and Other Temporarily Contracted Staff,53010D,Consultants and Other Temporarily Contract Staff,530103,Research Subject Payments,2026-07-01 13:38:24.871
530104,Reimbursement of Services,5XXXXX,All Expenses,53000A,Other Operating Expense,53000B,Business Legal and Insurance Services,53010C,Consultants and Other Temporarily Contracted Staff,53010D,Consultants and Other Temporarily Contract Staff,530104,Reimbursement of Services,2026-07-01 13:38:24.871
530400,Promotional Advertising,5XXXXX,All Expenses,53000A,Other Operating Expense,53000B,Business Legal and Insurance Services,53040C,Advertising Federally Unchargeable,53040D,Advertising Federally Unchargeable D,530400,Promotional Advertising,2026-07-01 13:38:24.871
530500,Non Promotional Advertising,5XXXXX,All Expenses,53000A,Other Operating Expense,53000B,Business Legal and Insurance Services,53050C,Advertising Federally Chargeable,53050D,Advertising Federally Chargeable D,530500,Non Promotional Advertising,2026-07-01 13:38:24.871
530601,Credit Card Fees,5XXXXX,All Expenses,53000A,Other Operating Expense,53000B,Business Legal and Insurance Services,53060C,Banking Investment Manager Fees,53060D,Banking and Investment Manager Fees,530601,Credit Card Fees,2026-07-01 13:38:24.871
530701,Regulatory Fees Permits and Licenses,5XXXXX,All Expenses,53000A,Other Operating Expense,53000B,Business Legal and Insurance Services,53070C,Legal Services,53070D,Legal Services D,530701,Regulatory Fees Permits and Licenses,2026-07-01 13:38:24.871
531010,General Liability Insurance,5XXXXX,All Expenses,53000A,Other Operating Expense,53000B,Business Legal and Insurance Services,53090C,Insurance and Licenses,53100D,Insurance Other,531010,General Liability Insurance,2026-07-01 13:38:24.871
531100,License and Taxes Expense excluding Income,5XXXXX,All Expenses,53000A,Other Operating Expense,53000B,Business Legal and Insurance Services,53090C,Insurance and Licenses,53110D,Licenses and Taxes Other than on Income,531100,License and Taxes Expense excluding Income,2026-07-01 13:38:24.871
532200,Equipment Leases or Rentals,5XXXXX,All Expenses,53000A,Other Operating Expense,53200B,Facilities Construction Leasing and Maintenance,53220C,Leases and Rentals Equipment,53220D,Leases and Rentals Expense Equipment,532200,Equipment Leases or Rentals,2026-07-01 13:38:24.871
532301,Vehicle and Fleet Supplies and Equipment,5XXXXX,All Expenses,53000A,Other Operating Expense,53200B,Facilities Construction Leasing and Maintenance,53230C,Repairs Maintenance,53230D,Repairs and Maintenance Expense,532301,Vehicle and Fleet Supplies and Equipment,2026-07-01 13:38:24.871
532302,Repairs and Maintenance Expenses,5XXXXX,All Expenses,53000A,Other Operating Expense,53200B,Facilities Construction Leasing and Maintenance,53230C,Repairs Maintenance,53230D,Repairs and Maintenance Expense,532302,Repairs and Maintenance Expenses,2026-07-01 13:38:24.871
532303,Construction Supplies and Services,5XXXXX,All Expenses,53000A,Other Operating Expense,53200B,Facilities Construction Leasing and Maintenance,53230C,Repairs Maintenance,53230D,Repairs and Maintenance Expense,532303,Construction Supplies and Services,2026-07-01 13:38:24.871
532304,Other Materials or Supplies,5XXXXX,All Expenses,53000A,Other Operating Expense,53200B,Facilities Construction Leasing and Maintenance,53230C,Repairs Maintenance,53230D,Repairs and Maintenance Expense,532304,Other Materials or Supplies,2026-07-01 13:38:24.871
532309,Landscaping Supplies,5XXXXX,All Expenses,53000A,Other Operating Expense,53200B,Facilities Construction Leasing and Maintenance,53230C,Repairs Maintenance,53230D,Repairs and Maintenance Expense,532309,Landscaping Supplies,2026-07-01 13:38:24.871
532310,Cleaning Supplies and Minor Equipment,5XXXXX,All Expenses,53000A,Other Operating Expense,53200B,Facilities Construction Leasing and Maintenance,53230C,Repairs Maintenance,53230D,Repairs and Maintenance Expense,532310,Cleaning Supplies and Minor Equipment,2026-07-01 13:38:24.871
532313,Laundry Service,5XXXXX,All Expenses,53000A,Other Operating Expense,53200B,Facilities Construction Leasing and Maintenance,53230C,Repairs Maintenance,53230D,Repairs and Maintenance Expense,532313,Laundry Service,2026-07-01 13:38:24.871
532315,Facility Moving Storage Expenses,5XXXXX,All Expenses,53000A,Other Operating Expense,53200B,Facilities Construction Leasing and Maintenance,53230C,Repairs Maintenance,53230D,Repairs and Maintenance Expense,532315,Facility Moving Storage Expenses,2026-07-01 13:38:24.871
532316,Facilities and Maintenance Tools and Equipment,5XXXXX,All Expenses,53000A,Other Operating Expense,53200B,Facilities Construction Leasing and Maintenance,53230C,Repairs Maintenance,53230D,Repairs and Maintenance Expense,532316,Facilities and Maintenance Tools and Equipment,2026-07-01 13:38:24.871
533000,First 25K of Subcontract Services,5XXXXX,All Expenses,53000A,Other Operating Expense,53300B,Subcontract Services,53300C,First 25K of Subcontract Services C,53300D,First 25K of Subcontract Svc Expense,533000,First 25K of Subcontract Services,2026-07-01 13:38:24.871
533100,Expense In Excess of 25K On Subcontract Services,5XXXXX,All Expenses,53000A,Other Operating Expense,53300B,Subcontract Services,53310C,Expense In Excess of 25K On Subcontract Services C,53310D,Expense In Excess of 25K On Subcontract Svc,533100,Expense In Excess of 25K On Subcontract Services,2026-07-01 13:38:24.871
534001,Software License Maintenance,5XXXXX,All Expenses,53000A,Other Operating Expense,53400B,IT and Communications Services,53400C,Software Maintenance and Licenses,53400D,Software Maintenance and Licenses Expense,534001,Software License Maintenance,2026-07-01 13:38:24.871
534010,SBITA expense fixed and variable if included in PV calc,5XXXXX,All Expenses,53000A,Other Operating Expense,53400B,IT and Communications Services,53400C,Software Maintenance and Licenses,53401D,SBITA expense fixed and variable if included in PV calc D,534010,SBITA expense fixed and variable if included in PV calc,2026-07-01 13:38:24.871
534100,Computer Network Equipment and Supplies,5XXXXX,All Expenses,53000A,Other Operating Expense,53400B,IT and Communications Services,53410C,Computers and Network Infrastructure,53410D,Computers and Network Infrastructure Expense,534100,Computer Network Equipment and Supplies,2026-07-01 13:38:24.871
534101,Software Purchases,5XXXXX,All Expenses,53000A,Other Operating Expense,53400B,IT and Communications Services,53410C,Computers and Network Infrastructure,53410D,Computers and Network Infrastructure Expense,534101,Software Purchases,2026-07-01 13:38:24.871
534200,Telecommunications Expense and Accessories,5XXXXX,All Expenses,53000A,Other Operating Expense,53400B,IT and Communications Services,53420C,Telecommunications,53420D,Telecommunications Expense,534200,Telecommunications Expense and Accessories,2026-07-01 13:38:24.871
534309,Other IT Accessories and Peripherals,5XXXXX,All Expenses,53000A,Other Operating Expense,53400B,IT and Communications Services,53430C,IT Accessories and Peripherals,53430D,IT Accessories and Peripherals Expense,534309,Other IT Accessories and Peripherals,2026-07-01 13:38:24.871
535100,External Laboratory Services,5XXXXX,All Expenses,53000A,Other Operating Expense,53500B,Medical Professional Fees,53510C,Purchased Medical Services C,53510D,Purchased Medical Services,535100,External Laboratory Services,2026-07-01 13:38:24.871
535101,Transcription Services,5XXXXX,All Expenses,53000A,Other Operating Expense,53500B,Medical Professional Fees,53510C,Purchased Medical Services C,53510D,Purchased Medical Services,535101,Transcription Services,2026-07-01 13:38:24.871
536001,In State Airfare,5XXXXX,All Expenses,53000A,Other Operating Expense,53600B,Travel and Transit,53600C,Travel and Transit Expense,53600D,Travel and Transit Expenses,536001,In State Airfare,2026-07-01 13:38:24.871
536002,In State Lodging,5XXXXX,All Expenses,53000A,Other Operating Expense,53600B,Travel and Transit,53600C,Travel and Transit Expense,53600D,Travel and Transit Expenses,536002,In State Lodging,2026-07-01 13:38:24.871
536003,In State Transportation,5XXXXX,All Expenses,53000A,Other Operating Expense,53600B,Travel and Transit,53600C,Travel and Transit Expense,53600D,Travel and Transit Expenses,536003,In State Transportation,2026-07-01 13:38:24.871
536004,In State Meals Incidentals,5XXXXX,All Expenses,53000A,Other Operating Expense,53600B,Travel and Transit,53600C,Travel and Transit Expense,53600D,Travel and Transit Expenses,536004,In State Meals Incidentals,2026-07-01 13:38:24.871
536005,In State Travel Expense,5XXXXX,All Expenses,53000A,Other Operating Expense,53600B,Travel and Transit,53600C,Travel and Transit Expense,53600D,Travel and Transit Expenses,536005,In State Travel Expense,2026-07-01 13:38:24.871
536011,Out of State Airfare,5XXXXX,All Expenses,53000A,Other Operating Expense,53600B,Travel and Transit,53600C,Travel and Transit Expense,53600D,Travel and Transit Expenses,536011,Out of State Airfare,2026-07-01 13:38:24.871
536012,Out of State Lodging,5XXXXX,All Expenses,53000A,Other Operating Expense,53600B,Travel and Transit,53600C,Travel and Transit Expense,53600D,Travel and Transit Expenses,536012,Out of State Lodging,2026-07-01 13:38:24.871
536013,Out of State Transportation,5XXXXX,All Expenses,53000A,Other Operating Expense,53600B,Travel and Transit,53600C,Travel and Transit Expense,53600D,Travel and Transit Expenses,536013,Out of State Transportation,2026-07-01 13:38:24.871
536014,Out of State Meals Incidentals,5XXXXX,All Expenses,53000A,Other Operating Expense,53600B,Travel and Transit,53600C,Travel and Transit Expense,53600D,Travel and Transit Expenses,536014,Out of State Meals Incidentals,2026-07-01 13:38:24.871
536015,Out of State Travel Expense,5XXXXX,All Expenses,53000A,Other Operating Expense,53600B,Travel and Transit,53600C,Travel and Transit Expense,53600D,Travel and Transit Expenses,536015,Out of State Travel Expense,2026-07-01 13:38:24.871
536021,International Airfare,5XXXXX,All Expenses,53000A,Other Operating Expense,53600B,Travel and Transit,53600C,Travel and Transit Expense,53600D,Travel and Transit Expenses,536021,International Airfare,2026-07-01 13:38:24.871
536022,International Lodging,5XXXXX,All Expenses,53000A,Other Operating Expense,53600B,Travel and Transit,53600C,Travel and Transit Expense,53600D,Travel and Transit Expenses,536022,International Lodging,2026-07-01 13:38:24.871
536023,International Transportation,5XXXXX,All Expenses,53000A,Other Operating Expense,53600B,Travel and Transit,53600C,Travel and Transit Expense,53600D,Travel and Transit Expenses,536023,International Transportation,2026-07-01 13:38:24.871
536024,International Meals Incidentals,5XXXXX,All Expenses,53000A,Other Operating Expense,53600B,Travel and Transit,53600C,Travel and Transit Expense,53600D,Travel and Transit Expenses,536024,International Meals Incidentals,2026-07-01 13:38:24.871
536025,International Travel Expense,5XXXXX,All Expenses,53000A,Other Operating Expense,53600B,Travel and Transit,53600C,Travel and Transit Expense,53600D,Travel and Transit Expenses,536025,International Travel Expense,2026-07-01 13:38:24.871
536093,Travel Reimbursement,5XXXXX,All Expenses,53000A,Other Operating Expense,53600B,Travel and Transit,53600C,Travel and Transit Expense,53600D,Travel and Transit Expenses,536093,Travel Reimbursement,2026-07-01 13:38:24.871
536200,Employee Noncash Awards and Other Gifts,5XXXXX,All Expenses,53000A,Other Operating Expense,53620B,Entertainment and Gifts,53620C,Employee Noncash Awards and Other Gifts B,53620D,Employee Noncash Awards and Other Gifts C,536200,Employee Noncash Awards and Other Gifts,2026-07-01 13:38:24.871
536201,Gift Cards,5XXXXX,All Expenses,53000A,Other Operating Expense,53620B,Entertainment and Gifts,53620C,Employee Noncash Awards and Other Gifts B,53620D,Employee Noncash Awards and Other Gifts C,536201,Gift Cards,2026-07-01 13:38:24.871
536300,NonEmployee Gifts,5XXXXX,All Expenses,53000A,Other Operating Expense,53620B,Entertainment and Gifts,53630C,NonEmployee Gifts C,53630D,NonEmployee Gifts D,536300,NonEmployee Gifts,2026-07-01 13:38:24.871
536400,Entertainment Expenses,5XXXXX,All Expenses,53000A,Other Operating Expense,53620B,Entertainment and Gifts,53640C,Social and Entertainment Expenses,53640D,Social and Entertainment Expense,536400,Entertainment Expenses,2026-07-01 13:38:24.871
536401,Entertainment Alcoholic Beverages,5XXXXX,All Expenses,53000A,Other Operating Expense,53620B,Entertainment and Gifts,53640C,Social and Entertainment Expenses,53640D,Social and Entertainment Expense,536401,Entertainment Alcoholic Beverages,2026-07-01 13:38:24.871
536500,Business Meeting Expense,5XXXXX,All Expenses,53000A,Other Operating Expense,53650B,Meetings and Training,53650C,Business Meetings Expense,53650D,Business Meeting Expenses,536500,Business Meeting Expense,2026-07-01 13:38:24.871
536600,Honorarium Payments and Expense,5XXXXX,All Expenses,53000A,Other Operating Expense,53650B,Meetings and Training,53660C,Honorarium Payments,53660D,Honorariums Expense,536600,Honorarium Payments and Expense,2026-07-01 13:38:24.871
536601,Stipends Non Student,5XXXXX,All Expenses,53000A,Other Operating Expense,53650B,Meetings and Training,53660C,Honorarium Payments,53660D,Honorariums Expense,536601,Stipends Non Student,2026-07-01 13:38:24.871
536700,Conference and Registration Fees,5XXXXX,All Expenses,53000A,Other Operating Expense,53650B,Meetings and Training,53670C,Conference Training,53670D,Conference and Training Expense,536700,Conference and Registration Fees,2026-07-01 13:38:24.871
538000,Facilities and Administration Costs FA,5XXXXX,All Expenses,53000A,Other Operating Expense,53800B,Facilities and Administration Cost B,53800C,Facilities and Administration Cost C,53800D,FA Expense,538000,Facilities and Administration Costs FA,2026-07-01 13:38:24.871
538100,Facilities and Administration FA Offset Recovery,5XXXXX,All Expenses,53000A,Other Operating Expense,53800B,Facilities and Administration Cost B,53810C,FA Offset Recovery C,53810D,FA Offset Recovery,538100,Facilities and Administration FA Offset Recovery,2026-07-01 13:38:24.871
539000,Printing of Forms,5XXXXX,All Expenses,53000A,Other Operating Expense,53900B,Other Operating Expenses B,53900C,Printing and Reproduction Services C,53900D,Printing and Reproduction Services,539000,Printing of Forms,2026-07-01 13:38:24.871
539002,Printing Photography and Other Materials,5XXXXX,All Expenses,53000A,Other Operating Expense,53900B,Other Operating Expenses B,53900C,Printing and Reproduction Services C,53900D,Printing and Reproduction Services,539002,Printing Photography and Other Materials,2026-07-01 13:38:24.871
539100,Freight and Shipping Services,5XXXXX,All Expenses,53000A,Other Operating Expense,53900B,Other Operating Expenses B,53910C,Freight,53910D,Freight Expense,539100,Freight and Shipping Services,2026-07-01 13:38:24.871
539300,Bad Debt Expense,5XXXXX,All Expenses,53000A,Other Operating Expense,53900B,Other Operating Expenses B,53930C,Bad Debt Other,53930D,Bad Debt Expense Other,539300,Bad Debt Expense,2026-07-01 13:38:24.871
539999,Other Miscellaneous and Other Operating Expense,5XXXXX,All Expenses,53000A,Other Operating Expense,53900B,Other Operating Expenses B,53950C,Other Operating Exp,53950D,Other Operating Expenses,539999,Other Miscellaneous and Other Operating Expense,2026-07-01 13:38:24.871
724020,Subcontract Revenue Awarded from UC San Francisco,4XXXXX,All Revenue,40500A,Contracts and Grants Noncapital,40840B,Intercampus Subcontract Revenue,72400C,Intercampus Subcontract Revenues C,72400D,Intercampus Subcontract Revenues D,724020,Subcontract Revenue Awarded from UC San Francisco,2026-07-01 13:38:24.871
725120,Subcontract Expenses Awarded to ANR,5XXXXX,All Expenses,53000A,Other Operating Expense,53300B,Subcontract Services,72500C,Intercampus Subcontract Expenses C,72500D,Intercampus Subcontract Expenses D,725120,Subcontract Expenses Awarded to ANR,2026-07-01 13:38:24.871
734000,UCDMC Recharges Other Supplies and Purchased Services,5XXXXX,All Expenses,73000A,Medical Center Recharge Sales and Services,73000B,Medical Center Recharges B,73000C,Medical Center Recharges C,73000D,Medical Center Recharges D,734000,UCDMC Recharges Other Supplies and Purchased Services,2026-07-01 13:38:24.871
741000,STIP Investment Distribution,4XXXXX,All Revenue,48200A,Income on Investments,48200B,Short Term Investment Pool STIP,74100C,STIP Distribution,74100D,STIP Investment Distribution D,741000,STIP Investment Distribution,2026-07-01 13:38:24.871
744000,GEP Annual Payout Income,4XXXXX,All Revenue,48200A,Income on Investments,48230B,General Endowment Pool GEP,74400C,GEP Payout,74400D,GEP Payout Income,744000,GEP Annual Payout Income,2026-07-01 13:38:24.871
750200,UCOP Insurance Appropriations BSASGAEL Expense,5XXXXX,All Expenses,53000A,Other Operating Expense,53000B,Business Legal and Insurance Services,53090C,Insurance and Licenses,75020D,UCOP Insurance Appropriations BSASGAEL,750200,UCOP Insurance Appropriations BSASGAEL Expense,2026-07-01 13:38:24.871
750500,Other UCOP Expense Allocations Operating Expense,5XXXXX,All Expenses,53000A,Other Operating Expense,53900B,Other Operating Expenses B,75050C,Other UCOP Expense Allocations Operating,75050D,Other Operating UCOP Expense Allocations,750500,Other UCOP Expense Allocations Operating Expense,2026-07-01 13:38:24.871
770000,Facilities and Equipment Maintenance Services,5XXXXX,All Expenses,77000A,Recharge Revenues and Expenses,77000B,Recharge Expense,77000C,Internal Recharge Expense,77000D,Internal Recharge Expense D,770000,Facilities and Equipment Maintenance Services,2026-07-01 13:38:24.871
770001,Space and Event Services,5XXXXX,All Expenses,77000A,Recharge Revenues and Expenses,77000B,Recharge Expense,77000C,Internal Recharge Expense,77000D,Internal Recharge Expense D,770001,Space and Event Services,2026-07-01 13:38:24.871
770002,Materials and Supplies Recharges,5XXXXX,All Expenses,77000A,Recharge Revenues and Expenses,77000B,Recharge Expense,77000C,Internal Recharge Expense,77000D,Internal Recharge Expense D,770002,Materials and Supplies Recharges,2026-07-01 13:38:24.871
770003,Research or Lab Support Services,5XXXXX,All Expenses,77000A,Recharge Revenues and Expenses,77000B,Recharge Expense,77000C,Internal Recharge Expense,77000D,Internal Recharge Expense D,770003,Research or Lab Support Services,2026-07-01 13:38:24.871
770004,Transportation Recharges,5XXXXX,All Expenses,77000A,Recharge Revenues and Expenses,77000B,Recharge Expense,77000C,Internal Recharge Expense,77000D,Internal Recharge Expense D,770004,Transportation Recharges,2026-07-01 13:38:24.871
770005,IT Services,5XXXXX,All Expenses,77000A,Recharge Revenues and Expenses,77000B,Recharge Expense,77000C,Internal Recharge Expense,77000D,Internal Recharge Expense D,770005,IT Services,2026-07-01 13:38:24.871
770006,Other Support Services,5XXXXX,All Expenses,77000A,Recharge Revenues and Expenses,77000B,Recharge Expense,77000C,Internal Recharge Expense,77000D,Internal Recharge Expense D,770006,Other Support Services,2026-07-01 13:38:24.871
770007,DCA Recharge Expense,5XXXXX,All Expenses,77000A,Recharge Revenues and Expenses,77000B,Recharge Expense,77000C,Internal Recharge Expense,77000D,Internal Recharge Expense D,770007,DCA Recharge Expense,2026-07-01 13:38:24.871
770009,Central Campus Income Assessment Expense,5XXXXX,All Expenses,77000A,Recharge Revenues and Expenses,77000B,Recharge Expense,77000C,Internal Recharge Expense,77000D,Internal Recharge Expense D,770009,Central Campus Income Assessment Expense,2026-07-01 13:38:24.871
770010,Departmental Assessment Expense,5XXXXX,All Expenses,77000A,Recharge Revenues and Expenses,77000B,Recharge Expense,77000C,Internal Recharge Expense,77000D,Internal Recharge Expense D,770010,Departmental Assessment Expense,2026-07-01 13:38:24.871
770012,EPIC Study Recharges,5XXXXX,All Expenses,77000A,Recharge Revenues and Expenses,77000B,Recharge Expense,77000C,Internal Recharge Expense,77000D,Internal Recharge Expense D,770012,EPIC Study Recharges,2026-07-01 13:38:24.871
770017,MC PURCHASED SERVICES RECHARGES EXP,5XXXXX,All Expenses,77000A,Recharge Revenues and Expenses,77000B,Recharge Expense,77000C,Internal Recharge Expense,77000D,Internal Recharge Expense D,770017,MC PURCHASED SERVICES RECHARGES EXP,2026-07-01 13:38:24.871
770101,Balances to Reserve Expense,5XXXXX,All Expenses,77000A,Recharge Revenues and Expenses,77000B,Recharge Expense,77000C,Internal Recharge Expense,77010D,Fund Transfer Expense D,770101,Balances to Reserve Expense,2026-07-01 13:38:24.871
770103,Fund Transfer Expense,5XXXXX,All Expenses,77000A,Recharge Revenues and Expenses,77000B,Recharge Expense,77000C,Internal Recharge Expense,77010D,Fund Transfer Expense D,770103,Fund Transfer Expense,2026-07-01 13:38:24.871
775000,UCD Recharge Revenue,5XXXXX,All Expenses,77000A,Recharge Revenues and Expenses,77500B,Recharge Revenue,77500C,Internal Recharge Revenues,77500D,Internal Recharge Revenue,775000,UCD Recharge Revenue,2026-07-01 13:38:24.871
775002,DCA Recharge Revenue,5XXXXX,All Expenses,77000A,Recharge Revenues and Expenses,77500B,Recharge Revenue,77500C,Internal Recharge Revenues,77500D,Internal Recharge Revenue,775002,DCA Recharge Revenue,2026-07-01 13:38:24.871
775004,Central Campus Income Assessment Revenue,5XXXXX,All Expenses,77000A,Recharge Revenues and Expenses,77500B,Recharge Revenue,77500C,Internal Recharge Revenues,77500D,Internal Recharge Revenue,775004,Central Campus Income Assessment Revenue,2026-07-01 13:38:24.871
775005,Departmental Assessment Revenue,5XXXXX,All Expenses,77000A,Recharge Revenues and Expenses,77500B,Recharge Revenue,77500C,Internal Recharge Revenues,77500D,Internal Recharge Revenue,775005,Departmental Assessment Revenue,2026-07-01 13:38:24.871
775101,Balances to Reserve Revenue,5XXXXX,All Expenses,77000A,Recharge Revenues and Expenses,77500B,Recharge Revenue,77500C,Internal Recharge Revenues,77510D,Fund Transfers Revenue D,775101,Balances to Reserve Revenue,2026-07-01 13:38:24.871
775103,Fund Transfer Revenue,5XXXXX,All Expenses,77000A,Recharge Revenues and Expenses,77500B,Recharge Revenue,77500C,Internal Recharge Revenues,77510D,Fund Transfers Revenue D,775103,Fund Transfer Revenue,2026-07-01 13:38:24.871
775B00,Central Campus Appropriations Ongoing,4XXXXX,All Revenue,74000A,Internal Revenue Transfer and Appropriations,74000B,Internal Revenue Transfer and Appropriations B,74000C,Internal Revenue Transfer and Appropriations C,77501D,Central Campus Appropriations,775B00,Central Campus Appropriations Ongoing,2026-07-01 13:38:24.871
775B05,VC Dean Office Appropriations Ongoing,4XXXXX,All Revenue,74000A,Internal Revenue Transfer and Appropriations,74000B,Internal Revenue Transfer and Appropriations B,74000C,Internal Revenue Transfer and Appropriations C,77502D,Unit Level Appropriation Transfers,775B05,VC Dean Office Appropriations Ongoing,2026-07-01 13:38:24.871
775B06,Appropriations Transfer Between Units Ongoing,4XXXXX,All Revenue,74000A,Internal Revenue Transfer and Appropriations,74000B,Internal Revenue Transfer and Appropriations B,74000C,Internal Revenue Transfer and Appropriations C,77502D,Unit Level Appropriation Transfers,775B06,Appropriations Transfer Between Units Ongoing,2026-07-01 13:38:24.871
775B10,Central Campus Appropriations One Time,4XXXXX,All Revenue,74000A,Internal Revenue Transfer and Appropriations,74000B,Internal Revenue Transfer and Appropriations B,74000C,Internal Revenue Transfer and Appropriations C,77501D,Central Campus Appropriations,775B10,Central Campus Appropriations One Time,2026-07-01 13:38:24.871
775B14,VC Dean Office Appropriations One Time,4XXXXX,All Revenue,74000A,Internal Revenue Transfer and Appropriations,74000B,Internal Revenue Transfer and Appropriations B,74000C,Internal Revenue Transfer and Appropriations C,77502D,Unit Level Appropriation Transfers,775B14,VC Dean Office Appropriations One Time,2026-07-01 13:38:24.871
775B15,Appropriations Transfer Btwn Units One Time,4XXXXX,All Revenue,74000A,Internal Revenue Transfer and Appropriations,74000B,Internal Revenue Transfer and Appropriations B,74000C,Internal Revenue Transfer and Appropriations C,77502D,Unit Level Appropriation Transfers,775B15,Appropriations Transfer Btwn Units One Time,2026-07-01 13:38:24.871
780010,Intercampus Recharges Expense UCB,5XXXXX,All Expenses,77000A,Recharge Revenues and Expenses,77000B,Recharge Expense,78000C,Intercampus Recharge Expense C,78000D,Intercampus Recharge Expense D,780010,Intercampus Recharges Expense UCB,2026-07-01 13:38:24.871
780020,Intercampus Recharges Expense UCSF,5XXXXX,All Expenses,77000A,Recharge Revenues and Expenses,77000B,Recharge Expense,78000C,Intercampus Recharge Expense C,78000D,Intercampus Recharge Expense D,780020,Intercampus Recharges Expense UCSF,2026-07-01 13:38:24.871
780115,Interlocation Transfer of Funds Debit UCOP,5XXXXX,All Expenses,77000A,Recharge Revenues and Expenses,77000B,Recharge Expense,78000C,Intercampus Recharge Expense C,78001D,Interlocation Transfer of Funds Debit D,780115,Interlocation Transfer of Funds Debit UCOP,2026-07-01 13:38:24.871
780120,Intercampus Recharges Expense ANR,5XXXXX,All Expenses,77000A,Recharge Revenues and Expenses,77000B,Recharge Expense,78000C,Intercampus Recharge Expense C,78000D,Intercampus Recharge Expense D,780120,Intercampus Recharges Expense ANR,2026-07-01 13:38:24.871
785010,Intercampus Recharges Credit UCB,5XXXXX,All Expenses,77000A,Recharge Revenues and Expenses,77500B,Recharge Revenue,78500C,Intercampus Recharges Credit C,78500D,Intercampus Recharges Credit D,785010,Intercampus Recharges Credit UCB,2026-07-01 13:38:24.871
785020,Intercampus Recharges Credit UCSF,5XXXXX,All Expenses,77000A,Recharge Revenues and Expenses,77500B,Recharge Revenue,78500C,Intercampus Recharges Credit C,78500D,Intercampus Recharges Credit D,785020,Intercampus Recharges Credit UCSF,2026-07-01 13:38:24.871
785040,Intercampus Recharges Credit UCLA,5XXXXX,All Expenses,77000A,Recharge Revenues and Expenses,77500B,Recharge Revenue,78500C,Intercampus Recharges Credit C,78500D,Intercampus Recharges Credit D,785040,Intercampus Recharges Credit UCLA,2026-07-01 13:38:24.871
785045,Interlocation Transfer of Funds Credit UCLA,5XXXXX,All Expenses,77000A,Recharge Revenues and Expenses,77500B,Recharge Revenue,78500C,Intercampus Recharges Credit C,78501D,Interlocation Transfer of Funds Credit,785045,Interlocation Transfer of Funds Credit UCLA,2026-07-01 13:38:24.871
785060,Intercampus Recharges Credit UCSD,5XXXXX,All Expenses,77000A,Recharge Revenues and Expenses,77500B,Recharge Revenue,78500C,Intercampus Recharges Credit C,78500D,Intercampus Recharges Credit D,785060,Intercampus Recharges Credit UCSD,2026-07-01 13:38:24.871
785110,Intercampus Recharges Credit UCOP,5XXXXX,All Expenses,77000A,Recharge Revenues and Expenses,77500B,Recharge Revenue,78500C,Intercampus Recharges Credit C,78500D,Intercampus Recharges Credit D,785110,Intercampus Recharges Credit UCOP,2026-07-01 13:38:24.871
